{
  "assetsByChunkName": {
    "component---src-pages-index-js": [
      "component---src-pages-index-js-6c8d11c23b9504c2ae00.js",
      "component---src-pages-index-js-6c8d11c23b9504c2ae00.js.map"
    ],
    "path---index": [
      "path---index-1db04e5021b40904aca6.js",
      "path---index-1db04e5021b40904aca6.js.map"
    ],
    "component---src-pages-404-js": [
      "component---src-pages-404-js-e724d23df03b50e0f462.js",
      "component---src-pages-404-js-e724d23df03b50e0f462.js.map"
    ],
    "commons": [
      "commons-3a2aed4770495289538d.js",
      "build-js-styles.css",
      "commons-3a2aed4770495289538d.js.map",
      "build-js-styles.css.map"
    ],
    "path---404-html": [
      "path---404-html-1db04e5021b40904aca6.js",
      "path---404-html-1db04e5021b40904aca6.js.map"
    ],
    "app": [
      "app-bfb8239639ffa72a9074.js",
      "build-js-styles.css",
      "app-bfb8239639ffa72a9074.js.map",
      "build-js-styles.css.map"
    ],
    "path---404": [
      "path---404-1db04e5021b40904aca6.js",
      "path---404-1db04e5021b40904aca6.js.map"
    ]
  }
}